ticker,full
SPPI,
JAZZ,JAZZ PHARMACEUTICALS PLC
ASRT,"ASSERTIO HOLDINGS, INC."
TAK,TAKEDA PHARMACEUTICAL COMPANY LIMITED
SGEN,SEAGEN INC.
PCRX,"PACIRA BIOSCIENCES, INC."
INCY,INCYTE CORPORATION
HALO,"HALOZYME THERAPEUTICS, INC."
CRIS,"CURIS, INC."
CORT,CORCEPT THERAPEUTICS INCORPORATED
PTPI,"PETROS PHARMACEUTICALS, INC."
PLX,"PROTALIX BIOTHERAPEUTICS, INC."
EBS,EMERGENT BIOSOLUTIONS INC.
RGEN,REPLIGEN CORPORATION
SUPN,"SUPERNUS PHARMACEUTICALS, INC."
EXEL,"EXELIXIS, INC."
AIM,AIM IMMUNOTECH INC.
NAVB,"NAVIDEA BIOPHARMACEUTICALS, INC."
AVDL,AVADEL PHARMACEUTICALS PLC
TBPH,"THERAVANCE BIOPHARMA, INC."
ABBV,ABBVIE INC.
VNDA,VANDA PHARMACEUTICALS INC.
DRRX,DURECT CORPORATION
BMRN,BIOMARIN PHARMACEUTICAL INC.
ENDP,
NVS,NOVARTIS AG
OMER,OMEROS CORPORATION
COLL,"COLLEGIUM PHARMACEUTICAL, INC."
MNKD,MANNKIND CORPORATION
EGRX,"EAGLE PHARMACEUTICALS, INC."
AKBA,"AKEBIA THERAPEUTICS, INC."
NKTR,NEKTAR THERAPEUTICS
EYPT,"EYEPOINT PHARMACEUTICALS, INC."
ALIM,"ALIMERA SCIENCES, INC."
LNTH,"LANTHEUS HOLDINGS, INC."
ENTA,"ENANTA PHARMACEUTICALS, INC."
BCRX,"BIOCRYST PHARMACEUTICALS, INC."
VRTX,VERTEX PHARMACEUTICALS INCORPORATED
RMTI,"ROCKWELL MEDICAL, INC."
AMGN,AMGEN INC.
JNJ,JOHNSON & JOHNSON
MNKKQ,
NYMX,
MACK,"MERRIMACK PHARMACEUTICALS, INC."
OTIC,
CHRS,"COHERUS BIOSCIENCES, INC."
AYTU,"AYTU BIOPHARMA, INC."
ACAD,ACADIA PHARMACEUTICALS INC.
TTNP,"TITAN PHARMACEUTICALS, INC."
ICPT,"INTERCEPT PHARMACEUTICALS, INC."
MRNS,"MARINUS PHARMACEUTICALS, INC."
OPK,"OPKO HEALTH, INC."
CLVS,
HRTX,"HERON THERAPEUTICS, INC."
KMDA,KAMADA LTD.
GSK,GSK PLC
NVAX,"NOVAVAX, INC."
SRPT,"SAREPTA THERAPEUTICS, INC."
TENX,"TENAX THERAPEUTICS, INC."
PLXP,
ACOR,"ACORDA THERAPEUTICS, INC."
NOVN,
AVTX,"AVALO THERAPEUTICS, INC."
VCEL,VERICEL CORPORATION
VTVT,VTV THERAPEUTICS INC.
IONS,"IONIS PHARMACEUTICALS, INC."
AMPH,"AMPHASTAR PHARMACEUTICALS, INC."
FGEN,"FIBROGEN, INC."
NBIX,"NEUROCRINE BIOSCIENCES, INC."
IRWD,"IRONWOOD PHARMACEUTICALS, INC."
BHC,BAUSCH HEALTH COMPANIES INC.
CDTX,"CIDARA THERAPEUTICS, INC."
BMY,BRISTOL-MYERS SQUIBB COMPANY
CMRX,"CHIMERIX, INC."
AZN,ASTRAZENECA PLC
MRK,"MERCK & CO., INC."
KPTI,KARYOPHARM THERAPEUTICS INC.
PTCT,"PTC THERAPEUTICS, INC."
PFE,PFIZER INC.
XENE,XENON PHARMACEUTICALS INC.
SNY,SANOFI
REGN,"REGENERON PHARMACEUTICALS, INC."
XOMA,XOMA CORPORATION
AEZS,AETERNA ZENTARIS INC.
ARDX,"ARDELYX, INC."
CAPR,"CAPRICOR THERAPEUTICS, INC."
NVO,NOVO NORDISK A/S
ALKS,ALKERMES PLC
RDHL,REDHILL BIOPHARMA LTD.
ADMP,
GMAB,GENMAB A/S
NRBO,"NEUROBO PHARMACEUTICALS, INC."
RCKT,"ROCKET PHARMACEUTICALS, INC."
UTHR,UNITED THERAPEUTICS CORPORATION
PBYI,"PUMA BIOTECHNOLOGY, INC."
GILD,"GILEAD SCIENCES, INC."
AGIO,"AGIOS PHARMACEUTICALS, INC."
ACRX,"ACELRX PHARMACEUTICALS, INC."
ZYNE,"ZYNERBA PHARMACEUTICALS, INC."
HRMY,"HARMONY BIOSCIENCES HOLDINGS, INC."
ISEE,
RARE,ULTRAGENYX PHARMACEUTICAL INC.
SAGE,"SAGE THERAPEUTICS, INC."
FOLD,"AMICUS THERAPEUTICS, INC."
OPTN,"OPTINOSE, INC."
INVA,"INNOVIVA, INC."
ARAV,"ARAVIVE, INC."
PRTA,PROTHENA CORPORATION PLC
VTRS,VIATRIS INC.
LLY,ELI LILLY AND COMPANY
GBT,
MNOV,"MEDICINOVA, INC."
DVAX,DYNAVAX TECHNOLOGIES CORPORATION
INO,"INOVIO PHARMACEUTICALS, INC."
CYTK,"CYTOKINETICS, INCORPORATED"
FBIO,"FORTRESS BIOTECH, INC."
XENT,
GLYC,"GLYCOMIMETICS, INC."
ACRS,"ACLARIS THERAPEUTICS, INC."
AERI,
TEVA,TEVA PHARMACEUTICAL INDUSTRIES LIMITED
EIGR,"EIGER BIOPHARMACEUTICALS, INC."
LGND,LIGAND PHARMACEUTICALS INCORPORATED
CERS,CERUS CORPORATION
AFMD,AFFIMED N.V.
GLMD,GALMED PHARMACEUTICALS LTD.
ZVRA,"ZEVRA THERAPEUTICS, INC."
OBSV,
SRNE,
BIIB,BIOGEN INC.
RETA,"REATA PHARMACEUTICALS, INC."
VBLT,VASCULAR BIOGENICS LTD.
SVRA,SAVARA INC.
MDGL,"MADRIGAL PHARMACEUTICALS, INC."
RIGL,"RIGEL PHARMACEUTICALS, INC."
CLDX,"CELLDEX THERAPEUTICS, INC."
NVCR,NOVOCURE LIMITED
RHHBY,ROCHE HOLDING AG
ABIO,"ARCA BIOPHARMA, INC."
TXMD,"THERAPEUTICSMD, INC."
GLPG,GALAPAGOS NV
IMMP,IMMUTEP LIMITED
MEIP,"MEI PHARMA, INC."
PPBT,PURPLE BIOTECH LTD.
AGEN,AGENUS INC.
VXRT,"VAXART, INC."
PLUR,PLURI INC.
MOR,MORPHOSYS AG
TGTX,"TG THERAPEUTICS, INC."
TCRT,"ALAUNOS THERAPEUTICS, INC."
ARGX,ARGENX SE
SMMT,SUMMIT THERAPEUTICS INC.
CTIC,
SIGA,"SIGA TECHNOLOGIES, INC."
PULM,"PULMATRIX, INC."
MRSN,"MERSANA THERAPEUTICS, INC."
TNXP,TONIX PHARMACEUTICALS HOLDING CORP.
PTGX,"PROTAGONIST THERAPEUTICS, INC."
BLPH,"BELLEROPHON THERAPEUTICS, INC."
ALNY,"ALNYLAM PHARMACEUTICALS, INC."
ORGS,ORGENESIS INC.
KALA,"KALA BIO, INC."
AQST,"AQUESTIVE THERAPEUTICS, INC."
ATOS,"ATOSSA THERAPEUTICS, INC."
GALT,GALECTIN THERAPEUTICS INC.
SNDX,"SYNDAX PHARMACEUTICALS, INC."
VSTM,"VERASTEM, INC."
CKPT,"CHECKPOINT THERAPEUTICS, INC."
GERN,GERON CORPORATION
INSM,INSMED INCORPORATED
XNCR,"XENCOR, INC."
CDXS,"CODEXIS, INC."
INFI,I:SPX OCT 2023 WEEKLY 3100.000 
MESO,MESOBLAST LIMITED
APVO,APTEVO THERAPEUTICS INC.
CPRX,"CATALYST PHARMACEUTICALS, INC."
OCUL,"OCULAR THERAPEUTIX, INC."
LPTX,"LEAP THERAPEUTICS, INC."
ITCI,"INTRA-CELLULAR THERAPIES, INC."
ASLN,ASLAN PHARMACEUTICALS LIMITED
VRNA,VERONA PHARMA PLC
COCP,"COCRYSTAL PHARMA, INC."
ACIU,AC IMMUNE SA
EOLS,"EVOLUS, INC."
LSTA,"LISATA THERAPEUTICS, INC."
TYME,
OPNT,
INDV,INDIVIOR PLC
ALT,"ALTIMMUNE, INC."
TCON,"TRACON PHARMACEUTICALS, INC."
AXSM,"AXSOME THERAPEUTICS, INC."
MBIO,"MUSTANG BIO, INC."
PRVB,
NERV,"MINERVA NEUROSCIENCES, INC."
MGTX,MEIRAGTX HOLDINGS PLC
IOVA,"IOVANCE BIOTHERAPEUTICS, INC."
IFRX,INFLARX N.V.
VBIV,VBI VACCINES INC.
ACER,ACER THERAPEUTICS INC.
ALDX,"ALDEYRA THERAPEUTICS, INC."
TMBR,"TIMBER PHARMACEUTICALS, INC."
VRCA,VERRICA PHARMACEUTICALS INC.
TVTX,"TRAVERE THERAPEUTICS, INC."
BLCM,"BELLICUM PHARMACEUTICALS, INC."
SLGL,SOL-GEL TECHNOLOGIES LTD.
MRKR,"MARKER THERAPEUTICS, INC."
BHVN,BIOHAVEN LTD.
NBRV,
NCNA,NUCANA PLC
SYBX,"SYNLOGIC, INC."
ESPR,"ESPERION THERAPEUTICS, INC."
ARDS,"ARIDIS PHARMACEUTICALS, INC."
XERS,"XERIS BIOPHARMA HOLDINGS, INC."
QLGN,"QUALIGEN THERAPEUTICS, INC."
ENTX,ENTERA BIO LTD.
CNCE,
XFOR,"X4 PHARMACEUTICALS, INC."
IMVIQ,IMV INC.
VYNE,VYNE THERAPEUTICS INC.
ETON,"ETON PHARMACEUTICALS, INC."
CYCN,"CYCLERION THERAPEUTICS, INC."
IBRX,"IMMUNITYBIO, INC."
ALNA,
PIRS,"PIERIS PHARMACEUTICALS, INC."
VTGN,"VISTAGEN THERAPEUTICS, INC."
BGNE,"BEIGENE, LTD."
CARA,"CARA THERAPEUTICS, INC."
KALV,"KALVISTA PHARMACEUTICALS, INC."
ITRM,ITERUM THERAPEUTICS PLC
ONCS,
MITO,
BPMC,BLUEPRINT MEDICINES CORPORATION
OYST,
VERU,VERU INC.
ELOX,"ELOXX PHARMACEUTICALS, INC."
HCM,HUTCHMED (CHINA) LIMITED
EPZM,
AGRX,"AGILE THERAPEUTICS, INC."
MRTX,"MIRATI THERAPEUTICS, INC."
BXRX,"BAUDAX BIO, INC."
IGXT,INTELGENX TECHNOLOGIES CORP.
IMVT,"IMMUNOVANT, INC."
CTMX,"CYTOMX THERAPEUTICS, INC."
ZLDPF,ZEALAND PHARMA A/S
CANF,CAN-FITE BIOPHARMA LTD.
OGEN,"ORAGENICS, INC."
URGN,UROGEN PHARMA LTD.
KNSA,"KINIKSA PHARMACEUTICALS, LTD."
VCNX,"VACCINEX, INC."
ZLAB,ZAI LAB LIMITED
GNFT,GENFIT S.A.
CBAY,"CYMABAY THERAPEUTICS, INC."
DCPH,"DECIPHERA PHARMACEUTICALS, INC."
CCXI,
EVFM,"EVOFEM BIOSCIENCES, INC."
KURA,"KURA ONCOLOGY, INC."
CRVS,"CORVUS PHARMACEUTICALS, INC."
OCGN,"OCUGEN, INC."
SCNI,SCINAI IMMUNOTHERAPEUTICS LTD.
BLUE,"BLUEBIRD BIO, INC."
CBIO,"CATALYST BIOSCIENCES, INC."
ORMP,ORAMED PHARMACEUTICALS INC.
EVOK,"EVOKE PHARMA, INC."
AMYT,
MOLN,MOLECULAR PARTNERS AG
RVNC,"REVANCE THERAPEUTICS, INC."
CYDY,CYTODYN INC.
DBVT,DBV TECHNOLOGIES S.A.
RGNX,REGENXBIO INC.
TRVN,"TREVENA, INC."
UBX,"UNITY BIOTECHNOLOGY, INC."
ALBO,
TCDA,
ONTX,"ONCONOVA THERAPEUTICS, INC."
OTLK,"OUTLOOK THERAPEUTICS, INC."
ACST,ACASTI PHARMA INC.
CRBP,"CORBUS PHARMACEUTICALS HOLDINGS, INC."
MGNX,"MACROGENICS, INC."
OVID,OVID THERAPEUTICS INC.
SELB,"SELECTA BIOSCIENCES, INC."
TOVX,"THERIVA BIOLOGICS, INC."
SIOX,SIO GENE THERAPIES INC.
GOSS,"GOSSAMER BIO, INC."
APTX,APTINYX INC.
BSGM,"BIOSIG TECHNOLOGIES, INC."
ATXS,"ASTRIA THERAPEUTICS, INC."
PMCB,"PHARMACYTE BIOTECH, INC."
AUPH,AURINIA PHARMACEUTICALS INC.
JNCE,
FIXX,"HOMOLOGY MEDICINES, INC."
ABCL,ABCELLERA BIOLOGICS INC.
BLRX,BIOLINERX LTD.
YMAB,"Y-MABS THERAPEUTICS, INC."
RYTM,"RHYTHM PHARMACEUTICALS, INC."
FATE,"FATE THERAPEUTICS, INC."
SYRS,"SYROS PHARMACEUTICALS, INC."
CRDF,"CARDIFF ONCOLOGY, INC."
ERYP,
GMDA,GAMIDA CELL LTD.
AUTL,AUTOLUS THERAPEUTICS PLC
SCPH,SCPHARMACEUTICALS INC.
LPCN,LIPOCINE INC.
XBIO,"XENETIC BIOSCIENCES, INC."
RCUS,"ARCUS BIOSCIENCES, INC."
EVLO,"EVELO BIOSCIENCES, INC."
ATNXQ,"ATHENEX, INC."
AADI,"AADI BIOSCIENCE, INC."
AKTX,"AKARI THERAPEUTICS, PLC"
PTN,"PALATIN TECHNOLOGIES, INC."
MYOV,
VYGR,"VOYAGER THERAPEUTICS, INC."
SNGX,"SOLIGENIX, INC."
ARCT,ARCTURUS THERAPEUTICS HOLDINGS INC.
CALA,"CALITHERA BIOSCIENCES, INC."
LIFE,"ATYR PHARMA, INC."
NBTX,NANOBIOTIX S.A.
MTNB,"MATINAS BIOPHARMA HOLDINGS, INC."
ENLV,ENLIVEX THERAPEUTICS LTD.
SPRO,"SPERO THERAPEUTICS, INC."
ABEO,ABEONA THERAPEUTICS INC.
GTHX,"G1 THERAPEUTICS, INC."
IMUX,"IMMUNIC, INC."
GKOS,GLAUKOS CORPORATION
SWTX,"SPRINGWORKS THERAPEUTICS, INC."
BBIO,"BRIDGEBIO PHARMA, INC."
SCYX,"SCYNEXIS, INC."
VIR,"VIR BIOTECHNOLOGY, INC."
FULC,"FULCRUM THERAPEUTICS, INC."
APLS,"APELLIS PHARMACEUTICALS, INC."
ANAB,"ANAPTYSBIO, INC."
AVEO,
RUBY,"RUBIUS THERAPEUTICS, INC."
VACC,BARINTHUS BIOTHERAPEUTICS PLC
FREQ,"FREQUENCY THERAPEUTICS, INC."
PRQR,PROQR THERAPEUTICS N.V.
BCLI,BRAINSTORM CELL THERAPEUTICS INC.
WVE,WAVE LIFE SCIENCES LTD.
BTAI,"BIOXCEL THERAPEUTICS, INC."
MTEM,"MOLECULAR TEMPLATES, INC."
TPTX,
FRTX,"FRESH TRACKS THERAPEUTICS, INC."
ADCT,ADC THERAPEUTICS SA
IMAB,I-MAB
ARQT,"ARCUTIS BIOTHERAPEUTICS, INC."
HARP,"HARPOON THERAPEUTICS, INC."
ONCY,ONCOLYTICS BIOTECH INC.
NGM,"NGM BIOPHARMACEUTICALS, INC."
LMNL,LIMINAL BIOSCIENCES INC.
LIAN,LIANBIO
ITOS,"ITEOS THERAPEUTICS, INC."
CRSP,CRISPR THERAPEUTICS AG
TARS,"TARSUS PHARMACEUTICALS, INC."
GLTO,"GALECTO, INC."
AGTC,
ELTX,"ELICIO THERAPEUTICS, INC."
MDWD,MEDIWOUND LTD.
KRYS,"KRYSTAL BIOTECH, INC."
ARWR,"ARROWHEAD PHARMACEUTICALS, INC."
IPHA,INNATE PHARMA S.A.
PALI,"PALISADE BIO, INC."
SNSE,"SENSEI BIOTHERAPEUTICS, INC."
VALN,VALNEVA SE
MRNA,"MODERNA, INC."
XCUR,"EXICURE, INC."
CLNN,CLENE INC.
ATHX,"ATHERSYS, INC."
CWBR,"COHBAR, INC."
SESN,
PRAX,"PRAXIS PRECISION MEDICINES, INC."
FWBI,"FIRST WAVE BIOPHARMA, INC."
ASND,ASCENDIS PHARMA A/S
FBRX,"FORTE BIOSCIENCES, INC."
IMPL,IMPEL PHARMACEUTICALS INC.
ADAP,ADAPTIMMUNE THERAPEUTICS PLC
PLRX,"PLIANT THERAPEUTICS, INC."
SLNO,"SOLENO THERAPEUTICS, INC."
GRTX,"GALERA THERAPEUTICS, INC."
CRNX,"CRINETICS PHARMACEUTICALS, INC."
ZYME,ZYMEWORKS INC.
GRTS,"GRITSTONE BIO, INC."
SAVA,"CASSAVA SCIENCES, INC."
LEGN,LEGEND BIOTECH CORPORATION
CADL,"CANDEL THERAPEUTICS, INC."
MIRM,"MIRUM PHARMACEUTICALS, INC."
EDIT,"EDITAS MEDICINE, INC."
ADGI,
LGVN,LONGEVERON INC.
IVVD,"INVIVYD, INC."
PGEN,"PRECIGEN, INC."
LABP,"LANDOS BIOPHARMA, INC."
BPTS,BIOPHYTIS S.A.
DNLI,DENALI THERAPEUTICS INC.
ORIC,"ORIC PHARMACEUTICALS, INC."
FMTX,
PRLD,PRELUDE THERAPEUTICS INCORPORATED
ADVM,"ADVERUM BIOTECHNOLOGIES, INC."
FDMT,"4D MOLECULAR THERAPEUTICS, INC."
RGLS,REGULUS THERAPEUTICS INC.
CVAC,CUREVAC N.V.
NRXP,"NRX PHARMACEUTICALS, INC."
AVRO,"AVROBIO, INC."
AVIR,"ATEA PHARMACEUTICALS, INC."
EDSA,"EDESA BIOTECH, INC."
MTCR,
CLSD,"CLEARSIDE BIOMEDICAL, INC."
RFL,"RAFAEL HOLDINGS, INC."
INMB,"INMUNE BIO, INC."
DMAC,DIAMEDICA THERAPEUTICS INC.
ATRA,"ATARA BIOTHERAPEUTICS, INC."
CASI,"CASI PHARMACEUTICALS, INC."
LQDA,LIQUIDIA CORPORATION
ALXO,ALX ONCOLOGY HOLDINGS INC.
HOOK,HOOKIPA PHARMA INC.
STTK,"SHATTUCK LABS, INC."
BNTX,BIONTECH SE
ALEC,"ALECTOR, INC."
QNCX,"QUINCE THERAPEUTICS, INC."
CGEN,COMPUGEN LTD.
ASMB,"ASSEMBLY BIOSCIENCES, INC."
IRON,"DISC MEDICINE, INC."
TERN,"TERNS PHARMACEUTICALS, INC."
ADTX,"ADITXT, INC."
NXTC,"NEXTCURE, INC."
MIST,MILESTONE PHARMACEUTICALS INC.
ONCT,"ONCTERNAL THERAPEUTICS, INC."
CALC,"CALCIMEDICA, INC."
PHGE,BIOMX INC.
ATAI,ATAI LIFE SCIENCES N.V.
IMRA,
AMRN,AMARIN CORPORATION PLC
KTRA,"KINTARA THERAPEUTICS, INC."
IMGN,"IMMUNOGEN, INC."
SLS,"SELLAS LIFE SCIENCES GROUP, INC."
MREO,MEREO BIOPHARMA GROUP PLC
ATNF,180 LIFE SCIENCES CORP.
RLYB,RALLYBIO CORPORATION
BYSI,BEYONDSPRING INC.
MRUS,MERUS N.V.
GHRS,GH RESEARCH PLC
DARE,"DARÉ BIOSCIENCE, INC."
IDYA,"IDEAYA BIOSCIENCES, INC."
BCTX,BRIACELL THERAPEUTICS CORP.
SQZ,
JAGX,"JAGUAR HEALTH, INC."
NEXI,"NEXIMMUNE, INC."
BLU,
SGMO,"SANGAMO THERAPEUTICS, INC."
ALLO,"ALLOGENE THERAPEUTICS, INC."
PSTX,"POSEIDA THERAPEUTICS, INC."
CLLS,CELLECTIS S.A.
ARVN,"ARVINAS, INC."
FRLN,FREELINE THERAPEUTICS HOLDINGS PLC
APRE,"APREA THERAPEUTICS, INC."
CNTA,CENTESSA PHARMACEUTICALS PLC
MGTA,
CALT,CALLIDITAS THERAPEUTICS AB (PUBL)
CGEM,"CULLINAN ONCOLOGY, INC."
MCRB,"SERES THERAPEUTICS, INC."
ANIP,"ANI PHARMACEUTICALS, INC."
ALLK,ALLAKOS INC.
HEPA,"HEPION PHARMACEUTICALS, INC."
RVMD,"REVOLUTION MEDICINES, INC."
IMCR,IMMUNOCORE HOLDINGS PLC
ZURA,ZURA BIO LIMITED
TSHA,"TAYSHA GENE THERAPIES, INC."
AVXL,ANAVEX LIFE SCIENCES CORP.
LOGC,
ATXI,"AVENUE THERAPEUTICS, INC."
RLMD,"RELMADA THERAPEUTICS, INC."
AMPE,"AMPIO PHARMACEUTICALS, INC."
CYAD,
SLDB,SOLID BIOSCIENCES INC.
WINT,"WINDTREE THERAPEUTICS, INC."
LBPS,
RZLT,"REZOLUTE, INC."
ALZN,"ALZAMEND NEURO, INC."
REPL,"REPLIMUNE GROUP, INC."
REVB,"REVELATION BIOSCIENCES, INC."
AMLX,"AMYLYX PHARMACEUTICALS, INC."
CCCC,"C4 THERAPEUTICS, INC."
AGLE,"AEGLEA BIOTHERAPEUTICS, INC."
ALPN,"ALPINE IMMUNE SCIENCES, INC."
AMRX,"AMNEAL PHARMACEUTICALS, INC."
GLSI,"GREENWICH LIFESCIENCES, INC."
KPRX,"KIORA PHARMACEUTICALS, INC."
OCUP,"OCUPHIRE PHARMA, INC."
LCTX,"LINEAGE CELL THERAPEUTICS, INC."
KOD,KODIAK SCIENCES INC.
AXGN,"AXOGEN, INC."
BLTE,"BELITE BIO, INC"
OPT,OPTHEA LIMITED
MNMD,MIND MEDICINE (MINDMED) INC.
MMM,3M COMPANY
EQRX,"EQRX, INC."
ROIV,ROIVANT SCIENCES LTD.
RLFTF,RELIEF THERAPEUTICS HOLDING AG
CMPI,
ELDN,"ELEDON PHARMACEUTICALS, INC."
FNCH,"FINCH THERAPEUTICS GROUP, INC."
KZIA,KAZIA THERAPEUTICS LIMITED
IXHL,INCANNEX HEALTHCARE LIMITED
VERA,"VERA THERAPEUTICS, INC."
ADXS,"AYALA PHARMACEUTICALS, INC."
AYLA,
EFTR,"EFFECTOR THERAPEUTICS, INC."
CNTX,CONTEXT THERAPEUTICS INC.
ANNX,"ANNEXON, INC."
TALS,"TALARIS THERAPEUTICS, INC."
DTIL,"PRECISION BIOSCIENCES, INC."
COGT,"COGENT BIOSCIENCES, INC."
AURA,"AURA BIOSCIENCES, INC."
ABUS,ARBUTUS BIOPHARMA CORPORATION
ETNB,"89BIO, INC."
CYCC,"CYCLACEL PHARMACEUTICALS, INC."
CDAK,
HGEN,"HUMANIGEN, INC."
AMTI,APPLIED MOLECULAR TRANSPORT INC.
CFRX,CONTRAFECT CORPORATION
ARTL,"ARTELO BIOSCIENCES, INC."
HLVX,"HILLEVAX, INC."
MBRX,"MOLECULIN BIOTECH, INC."
KRTX,"KARUNA THERAPEUTICS, INC."
FSTX,
VTYX,"VENTYX BIOSCIENCES, INC."
VRDN,"VIRIDIAN THERAPEUTICS, INC."
CYTO,ALTAMIRA THERAPEUTICS LTD.
PYPD,POLYPID LTD.
BCYC,BICYCLE THERAPEUTICS PLC
LYRA,"LYRA THERAPEUTICS, INC."
PHRRF,PHARMATHER HOLDINGS LTD.
TRVI,"TREVI THERAPEUTICS, INC."
VIRI,"VIRIOS THERAPEUTICS, INC."
FENC,FENNEC PHARMACEUTICALS INC.
ABVC,"ABVC BIOPHARMA, INC."
EQ,"EQUILLIUM, INC."
TCRR,
AXLA,AXCELLA HEALTH INC.
ATHA,"ATHIRA PHARMA, INC."
CYTH,"CYCLO THERAPEUTICS, INC."
EYEN,"EYENOVIA, INC."
MORF,"MORPHIC HOLDING, INC."
ENSC,"ENSYSCE BIOSCIENCES, INC."
IVA,INVENTIVA S.A.
EPIX,ESSA PHARMA INC.
TFFP,"TFF PHARMACEUTICALS, INC."
ANIK,"ANIKA THERAPEUTICS, INC."
INBX,"INHIBRX, INC."
KZR,"KEZAR LIFE SCIENCES, INC."
KDNY,
AIMD,"AINOS, INC."
LXRX,"LEXICON PHARMACEUTICALS, INC."
CINC,
IPSEY,IPSEN S.A.
ADAG,ADAGENE INC.
NRIX,"NURIX THERAPEUTICS, INC."
PHVS,PHARVARIS N.V.
IKNA,"IKENA ONCOLOGY, INC."
INTS,"INTENSITY THERAPEUTICS, INC."
NWBO,"NORTHWEST BIOTHERAPEUTICS, INC."
BFRI,BIOFRONTERA INC.
QURE,UNIQURE N.V.
SLRX,"SALARIUS PHARMACEUTICALS, INC."
VAXX,"VAXXINITY, INC."
DRMA,"DERMATA THERAPEUTICS, INC."
BIVI,BIOVIE INC.
LBPH,"LONGBOARD PHARMACEUTICALS, INC."
ACHL,ACHILLES THERAPEUTICS PLC
VOR,VOR BIOPHARMA INC.
AMAM,AMBRX BIOPHARMA INC.
VIRX,"VIRACTA THERAPEUTICS, INC."
TSVT,"2SEVENTY BIO, INC."
ADPT,ADAPTIVE BIOTECHNOLOGIES CORPORATION
VINC,"VINCERX PHARMA, INC."
STRO,"SUTRO BIOPHARMA, INC."
IMGO,
KROS,"KEROS THERAPEUTICS, INC."
ATNM,"ACTINIUM PHARMACEUTICALS, INC."
PRTC,PURETECH HEALTH PLC
ADMA,"ADMA BIOLOGICS, INC."
KYMR,"KYMERA THERAPEUTICS, INC."
VIGL,"VIGIL NEUROSCIENCE, INC."
CERE,"CEREVEL THERAPEUTICS HOLDINGS, INC."
UNCY,"UNICYCIVE THERAPEUTICS, INC."
PDSB,PDS BIOTECHNOLOGY CORPORATION
CMMB,CHEMOMAB THERAPEUTICS LTD.
PHAT,"PHATHOM PHARMACEUTICALS, INC."
TIL,"INSTIL BIO, INC."
BCAB,"BIOATLA, INC."
CMPX,"COMPASS THERAPEUTICS, INC."
EDAP,EDAP TMS S.A.
ALVR,"ALLOVIR, INC."
JSPR,"JASPER THERAPEUTICS, INC."
ALRN,"AILERON THERAPEUTICS, INC."
CING,CINGULATE INC.
RXDX,
ACHV,"ACHIEVE LIFE SCIENCES, INC."
ARMP,"ARMATA PHARMACEUTICALS, INC."
NVIV,INVIVO THERAPEUTICS HOLDINGS CORP.
CNTB,CONNECT BIOPHARMA HOLDINGS LIMITED
PHIO,PHIO PHARMACEUTICALS CORP.
PHAR,PHARMING GROUP N.V.
MNPR,MONOPAR THERAPEUTICS INC.
NLSP,NLS PHARMACEUTICS AG
CGTX,"COGNITION THERAPEUTICS, INC."
ANEB,"ANEBULO PHARMACEUTICALS, INC."
ALGS,"ALIGOS THERAPEUTICS, INC."
PCVX,"VAXCYTE, INC."
TPST,"TEMPEST THERAPEUTICS, INC."
RLAY,"RELAY THERAPEUTICS, INC."
RPTX,REPARE THERAPEUTICS INC.
IMRX,IMMUNEERING CORPORATION
ERAS,"ERASCA, INC."
SONN,"SONNET BIOTHERAPEUTICS HOLDINGS, INC."
EVAX,EVAXION BIOTECH A/S
EVO,EVOTEC SE
EXAI,EXSCIENTIA PLC
QTRX,QUANTERIX CORPORATION
SABS,"SAB BIOTHERAPEUTICS, INC."
TARA,"PROTARA THERAPEUTICS, INC."
LIPO,LIPELLA PHARMACEUTICALS INC.
CABA,"CABALETTA BIO, INC."
ALPMY,ASTELLAS PHARMA INC.
NRSN,NEUROSENSE THERAPEUTICS LTD.
PCSA,"PROCESSA PHARMACEUTICALS, INC."
TNGX,"TANGO THERAPEUTICS, INC."
OLMA,"OLEMA PHARMACEUTICALS, INC."
CELC,CELCUITY INC.
CPIX,CUMBERLAND PHARMACEUTICALS INC.
VKTX,"VIKING THERAPEUTICS, INC."
PEPG,PEPGEN INC.
ORTX,ORCHARD THERAPEUTICS PLC
INKT,"MINK THERAPEUTICS, INC."
XBIT,XBIOTECH INC.
RAIN,RAIN ONCOLOGY INC.
ICVX,"ICOSAVAX, INC."
GPCR,STRUCTURE THERAPEUTICS INC.
LEXX,LEXARIA BIOSCIENCE CORP.
GNLX,GENELUX CORPORATION
APLT,"APPLIED THERAPEUTICS, INC."
THRX,"THESEUS PHARMACEUTICALS, INC."
XLO,"XILIO THERAPEUTICS, INC."
CMPS,COMPASS PATHWAYS PLC
DBTX,"DECIBEL THERAPEUTICS, INC."
ELEV,"ELEVATION ONCOLOGY, INC."
GNPX,"GENPREX, INC."
INAB,"IN8BIO, INC."
BCEL,"ATRECA, INC."
IGMS,"IGM BIOSCIENCES, INC."
DAWN,"DAY ONE BIOPHARMACEUTICALS, INC."
FHTX,FOGHORN THERAPEUTICS INC.
ZNTL,"ZENTALIS PHARMACEUTICALS, INC."
CUE,"CUE BIOPHARMA, INC."
PRFX,PAINREFORM LTD.
GRCL,GRACELL BIOTECHNOLOGIES INC.
NKTX,"NKARTA, INC."
NTLA,"INTELLIA THERAPEUTICS, INC."
DERM,JOURNEY MEDICAL CORPORATION
IOBT,"IO BIOTECH, INC."
HOTH,"HOTH THERAPEUTICS, INC."
LVTX,LAVA THERAPEUTICS N.V.
PBLA,"PANBELA THERAPEUTICS, INC."
SPRB,"SPRUCE BIOSCIENCES, INC."
ACLX,"ARCELLX, INC."
ANVS,"ANNOVIS BIO, INC."
CTXR,"CITIUS PHARMACEUTICALS, INC."
CRMD,CORMEDIX INC.
LUMO,"LUMOS PHARMA, INC."
SPRC,SCISPARC LTD.
INM,INMED PHARMACEUTICALS INC.
APM,APTORUM GROUP LIMITED
BMEA,"BIOMEA FUSION, INC."
BNTC,BENITEC BIOPHARMA INC.
FUSN,FUSION PHARMACEUTICALS INC.
ACET,"ADICET BIO, INC."
EWTX,"EDGEWISE THERAPEUTICS, INC."
ALVO,ALVOTECH
CLRB,"CELLECTAR BIOSCIENCES, INC."
RNXT,"RENOVORX, INC."
PSTV,"PLUS THERAPEUTICS, INC."
BLCO,BAUSCH + LOMB CORPORATION
CYT,"CYTEIR THERAPEUTICS, INC."
SRRK,SCHOLAR ROCK HOLDING CORPORATION
ALLR,"ALLARITY THERAPEUTICS, INC."
BDRX,BIODEXA PHARMACEUTICALS PLC
GOVX,"GEOVAX LABS, INC."
ADIL,"ADIAL PHARMACEUTICALS, INC."
CRBU,"CARIBOU BIOSCIENCES, INC."
BPTH,"BIO-PATH HOLDINGS, INC."
IMMX,"IMMIX BIOPHARMA, INC."
JANX,"JANUX THERAPEUTICS, INC."
SNPX,"SYNAPTOGENIX, INC."
MDNA,MEDICENNA THERAPEUTICS CORP.
DYAI,"DYADIC INTERNATIONAL, INC."
PXMD,"PAXMEDICA, INC."
LRMR,"LARIMAR THERAPEUTICS, INC."
STOK,"STOKE THERAPEUTICS, INC."
ATHE,ALTERITY THERAPEUTICS LIMITED
TYRA,"TYRA BIOSCIENCES, INC."
PASG,"PASSAGE BIO, INC."
OCS,OCULIS HOLDING AG
DRUG,BRIGHT MINDS BIOSCIENCES INC.
DCTH,"DELCATH SYSTEMS, INC."
DSGN,"DESIGN THERAPEUTICS, INC."
CNSP,"CNS PHARMACEUTICALS, INC."
QSAM,"QSAM BIOSCIENCES, INC."
RXRX,"RECURSION PHARMACEUTICALS, INC."
BCDA,"BIOCARDIA, INC."
RNA,"AVIDITY BIOSCIENCES, INC."
SLRN,"ACELYRIN, INC."
NVCT,"NUVECTIS PHARMA, INC."
ANTX,"AN2 THERAPEUTICS, INC."
SCLX,SCILEX HOLDING COMPANY
SXTP,"60 DEGREES PHARMACEUTICALS, INC."
KNTE,KINNATE BIOPHARMA INC.
DYN,"DYNE THERAPEUTICS, INC."
SPRY,"ARS PHARMACEUTICALS, INC."
SEEL,"SEELOS THERAPEUTICS, INC."
NAMS,NEWAMSTERDAM PHARMA COMPANY N.V.
TRDA,"ENTRADA THERAPEUTICS, INC."
APLIF,APPILI THERAPEUTICS INC.
BIOR,"BIORA THERAPEUTICS, INC."
TLSA,TIZIANA LIFE SCIENCES LTD
INZY,"INOZYME PHARMA, INC."
YS,"YS BIOPHARMA CO., LTD."
CYBN,CYBIN INC.
BNOX,BIONOMICS LIMITED
IMNN,"IMUNON, INC."
NVTA,INVITAE CORPORATION
VCYT,"VERACYTE, INC."
IKT,"INHIBIKASE THERAPEUTICS, INC."
MYMD,"MYMD PHARMACEUTICALS, INC."
GANX,"GAIN THERAPEUTICS, INC."
AKRO,"AKERO THERAPEUTICS, INC."
OKYO,OKYO PHARMA LIMITED
MVIR,
COYA,"COYA THERAPEUTICS, INC."
TNYA,"TENAYA THERAPEUTICS, INC."
PMVP,"PMV PHARMACEUTICALS, INC."
NUVL,"NUVALENT, INC."
ANIX,"ANIXA BIOSCIENCES, INC."
ACRV,"ACRIVON THERAPEUTICS, INC."
BDTX,"BLACK DIAMOND THERAPEUTICS, INC."
MLTX,MOONLAKE IMMUNOTHERAPEUTICS
VECT,
GLUE,"MONTE ROSA THERAPEUTICS, INC."
BOLT,"BOLT BIOTHERAPEUTICS, INC."
RYZB,"RAYZEBIO, INC."
QNRX,"QUOIN PHARMACEUTICALS, LTD."
IMTX,IMMATICS N.V.
RNAZ,"TRANSCODE THERAPEUTICS, INC."
ABOS,"ACUMEN PHARMACEUTICALS, INC."
RVPH,"REVIVA PHARMACEUTICALS HOLDINGS, INC."
APTO,APTOSE BIOSCIENCES INC.
CVM,CEL-SCI CORPORATION
MAIA,"MAIA BIOTECHNOLOGY, INC."
INDP,"INDAPTUS THERAPEUTICS, INC."
SLN,SILENCE THERAPEUTICS PLC
RANI,"RANI THERAPEUTICS HOLDINGS, INC."
IPSC,"CENTURY THERAPEUTICS, INC."
ACXP,"ACURX PHARMACEUTICALS, INC."
KRON,"KRONOS BIO, INC."
MLYS,"MINERALYS THERAPEUTICS, INC."
TCRX,"TSCAN THERAPEUTICS, INC."
SDGR,"SCHRÖDINGER, INC."
HOWL,"WEREWOLF THERAPEUTICS, INC."
RAPT,"RAPT THERAPEUTICS, INC."
XAIR,"BEYOND AIR, INC."
KA,"KINETA, INC."
FLGT,"FULGENT GENETICS, INC."
